division,district,taluk,surveyor_count
"Belagavi Division","Bagalkot","Badami","12"
"Belagavi Division","Bagalkot","BADAMI","1"
"Belagavi Division","Bagalkot","Bagalakote","1"
"Belagavi Division","Bagalkot","Bagalkot","4"
"Belagavi Division","Bagalkot","BAGALKOT","1"
"Belagavi Division","Bagalkot","BAGALKOTE","1"
"Belagavi Division","Bagalkot","Bilagi","3"
"Belagavi Division","Bagalkot","BILAGI","1"
"Belagavi Division","Bagalkot","Guledagidda,Badami","1"
"Belagavi Division","Bagalkot","GULEDGUDDA","1"
"Belagavi Division","Bagalkot","Hunagund","3"
"Belagavi Division","Bagalkot","HUNAGUND","1"
"Belagavi Division","Bagalkot","Hunagunda","2"
"Belagavi Division","Bagalkot","Hungund","2"
"Belagavi Division","Bagalkot","Ilakal","2"
"Belagavi Division","Bagalkot","ILAKAL","1"
"Belagavi Division","Bagalkot","Ilkal","4"
"Belagavi Division","Bagalkot","Jamakhandi","6"
"Belagavi Division","Bagalkot","JAMAKHANDI","1"
"Belagavi Division","Bagalkot","Jamkhandi","8"
"Belagavi Division","Bagalkot","JAMKHANDI","1"
"Belagavi Division","Bagalkot","mudhol","1"
"Belagavi Division","Bagalkot","Mudhol","12"
"Belagavi Division","Bagalkot","MUDHOL","6"
"Belagavi Division","Bagalkot","Rabakavi banahatti","4"
"Belagavi Division","Bagalkot","Rabakavi Banahatti","1"
"Belagavi Division","Bagalkot","RABAKAVI BANAHATTI","4"
"Belagavi Division","Bagalkot","Rabakavi-Banahatti","1"
"Belagavi Division","Bagalkot","RABKAVI- BHANAHTTI","1"
"Belagavi Division","Bagalkot","ಗುಳೇದಗುಡ್ಡ","1"
"Belagavi Division","Bagalkot","ಜಮಖಂಡಿ","8"
"Belagavi Division","Bagalkot","ಬಾಗಲಕೋಟ","2"
"Belagavi Division","Bagalkot","ಬಾಗಲಕೋಟೆ","1"
"Belagavi Division","Bagalkot","ಬಾದಾಮಿ","1"
"Belagavi Division","Bagalkot","ಬೀಳಗಿ","4"
"Belagavi Division","Bagalkot","ಮುದೋಳ","1"
"Belagavi Division","Bagalkot","ಮುಧೋಳ","4"
"Belagavi Division","Bagalkot","ರಬಕವಿ ಬನಹಟ್ಟಿ","2"
"Belagavi Division","Bagalkot","ಹುನುಗುಂಡ","1"
"Belagavi Division","Belagavi","Athani","13"
"Belagavi Division","Belagavi","ATHANI","3"
"Belagavi Division","Belagavi","Bailahongal","2"
"Belagavi Division","Belagavi","Bailahongala","1"
"Belagavi Division","Belagavi","Bailhongal","6"
"Belagavi Division","Belagavi","BAILHONGAL","2"
"Belagavi Division","Belagavi","Belagavi","2"
"Belagavi Division","Belagavi","BELAGAVI","2"
"Belagavi Division","Belagavi","BELGAUM","1"
"Belagavi Division","Belagavi","Chikkodi","2"
"Belagavi Division","Belagavi","CHIKKODI","1"
"Belagavi Division","Belagavi","GOKA","1"
"Belagavi Division","Belagavi","Gokak","7"
"Belagavi Division","Belagavi","GOKAK","4"
"Belagavi Division","Belagavi","Hukkeri","13"
"Belagavi Division","Belagavi","HUKKERI","3"
"Belagavi Division","Belagavi","KAGAVAD","2"
"Belagavi Division","Belagavi","Kagwad","2"
"Belagavi Division","Belagavi","Khanapur","7"
"Belagavi Division","Belagavi","KHANAPUR","4"
"Belagavi Division","Belagavi","Khanpur","2"
"Belagavi Division","Belagavi","Kittur","4"
"Belagavi Division","Belagavi","KITTUR","1"
"Belagavi Division","Belagavi","Muadalagi","1"
"Belagavi Division","Belagavi","Mudalagi","5"
"Belagavi Division","Belagavi","MUDALAGI","1"
"Belagavi Division","Belagavi","Nipani","1"
"Belagavi Division","Belagavi","Nippani","1"
"Belagavi Division","Belagavi","Raibag","4"
"Belagavi Division","Belagavi","RAIBAG","4"
"Belagavi Division","Belagavi","Ramadurg","6"
"Belagavi Division","Belagavi","Ramdurg","4"
"Belagavi Division","Belagavi","RAMDURG","1"
"Belagavi Division","Belagavi","Rayabag","2"
"Belagavi Division","Belagavi","Raybag","2"
"Belagavi Division","Belagavi","Savadatti","8"
"Belagavi Division","Belagavi","SAVADATTI","5"
"Belagavi Division","Belagavi","Yaragatti","5"
"Belagavi Division","Belagavi","ಅಥಣಿ","11"
"Belagavi Division","Belagavi","ಕಾಗವಾಡ","6"
"Belagavi Division","Belagavi","ಕಿತ್ತೂರ","1"
"Belagavi Division","Belagavi","ಕಿತ್ತೂರು","1"
"Belagavi Division","Belagavi","ಖಾನಾಪುರ","2"
"Belagavi Division","Belagavi","ಖಾನಾಪೂರ","2"
"Belagavi Division","Belagavi","ಗೋಕಾಕ","9"
"Belagavi Division","Belagavi","ಚಿಕ್ಕೋಡಿ","1"
"Belagavi Division","Belagavi","ನಿಪ್ಪಾಣಿ","5"
"Belagavi Division","Belagavi","ಬೈಲಹೊಂಗಲ","1"
"Belagavi Division","Belagavi","ಮೂಡಲಗಿ","4"
"Belagavi Division","Belagavi","ಯರಗಟ್ಟಿ","1"
"Belagavi Division","Belagavi","ರಾಮದುರ್ಗ","10"
"Belagavi Division","Belagavi","ರಾಯಬಾಗ","5"
"Belagavi Division","Belagavi","ರಾಯಭಾಗ","1"
"Belagavi Division","Belagavi","ಸವದತ್ತಿ","3"
"Belagavi Division","Belagavi","ಹುಕ್ಕೇರಿ","10"
"Belagavi Division","Dharwad","Alnavar","1"
"Belagavi Division","Dharwad","Annigeri","1"
"Belagavi Division","Dharwad","ANNIGERI","1"
"Belagavi Division","Dharwad","Dharawad","1"
"Belagavi Division","Dharwad","Dharwad","2"
"Belagavi Division","Dharwad","DHARWAD","2"
"Belagavi Division","Dharwad","Hubballi","7"
"Belagavi Division","Dharwad","HUBBALLI","2"
"Belagavi Division","Dharwad","HUBBLI","1"
"Belagavi Division","Dharwad","Hubli","9"
"Belagavi Division","Dharwad","HUBLI","2"
"Belagavi Division","Dharwad","Hubli urban","2"
"Belagavi Division","Dharwad","Kalaghatagi","2"
"Belagavi Division","Dharwad","KALAGHATAGI","1"
"Belagavi Division","Dharwad","Kalaghatgi","1"
"Belagavi Division","Dharwad","KALGHATGI","1"
"Belagavi Division","Dharwad","Kundagol","6"
"Belagavi Division","Dharwad","Kundagola","1"
"Belagavi Division","Dharwad","Kundgol","1"
"Belagavi Division","Dharwad","Navalagund","1"
"Belagavi Division","Dharwad","NAVALAGUND","1"
"Belagavi Division","Dharwad","ಕಲಘಟಗಿ","5"
"Belagavi Division","Dharwad","ಕುಂದಗೋಳ","6"
"Belagavi Division","Dharwad","ಧಾರವಾಡ","5"
"Belagavi Division","Dharwad","ನವಲಗುಂದ","1"
"Belagavi Division","Dharwad","ಹುಬ್ಬಳ್ಳಿ","1"
"Belagavi Division","Gadag","Gadag","9"
"Belagavi Division","Gadag","GADAG","3"
"Belagavi Division","Gadag","Gajendragad","4"
"Belagavi Division","Gadag","Gajendragada","4"
"Belagavi Division","Gadag","GAJENDRAGADA","1"
"Belagavi Division","Gadag","Lakshmeshwar","1"
"Belagavi Division","Gadag","Lakshmeshwer","1"
"Belagavi Division","Gadag","Laxmeshwar","1"
"Belagavi Division","Gadag","MUDARAGI","1"
"Belagavi Division","Gadag","Mundaragi","3"
"Belagavi Division","Gadag","MUNDARAGI","1"
"Belagavi Division","Gadag","Mundargi","1"
"Belagavi Division","Gadag","Naragund","2"
"Belagavi Division","Gadag","NARAGUND","2"
"Belagavi Division","Gadag","Naragunda","2"
"Belagavi Division","Gadag","Nargund","3"
"Belagavi Division","Gadag","Ron","7"
"Belagavi Division","Gadag","RON","1"
"Belagavi Division","Gadag","Rona","3"
"Belagavi Division","Gadag","RONA","1"
"Belagavi Division","Gadag","Shirahatti","3"
"Belagavi Division","Gadag","SHIRAHATTI","1"
"Belagavi Division","Gadag","ಗಜೇಂದ್ರಗಡ","3"
"Belagavi Division","Gadag","ಗದಗ","3"
"Belagavi Division","Gadag","ಮುಂಡರಗಿ","1"
"Belagavi Division","Gadag","ರೋಣ","3"
"Belagavi Division","Gadag","ರೋಣ ತಾಲೂಕು","1"
"Belagavi Division","Gadag","ಲಕ್ಷ್ಮೇಶ್ವರ","2"
"Belagavi Division","Haveri","byadagi","1"
"Belagavi Division","Haveri","Byadagi","15"
"Belagavi Division","Haveri","BYADAGI","1"
"Belagavi Division","Haveri","Byadgi","10"
"Belagavi Division","Haveri","BYADGI","1"
"Belagavi Division","Haveri","Hanagal","7"
"Belagavi Division","Haveri","HANAGAL","1"
"Belagavi Division","Haveri","hangal","1"
"Belagavi Division","Haveri","Hangal","11"
"Belagavi Division","Haveri","Hangal , Haveri district","1"
"Belagavi Division","Haveri","Hangala","1"
"Belagavi Division","Haveri","Haveri","30"
"Belagavi Division","Haveri","HAVERI","1"
"Belagavi Division","Haveri","Hirekerur","10"
"Belagavi Division","Haveri","HIREKERURA","2"
"Belagavi Division","Haveri","Ranebbenur","1"
"Belagavi Division","Haveri","Ranebennur","12"
"Belagavi Division","Haveri","RANEBENNUR","4"
"Belagavi Division","Haveri","Ranebennuru","3"
"Belagavi Division","Haveri","Ranebenuur","1"
"Belagavi Division","Haveri","Ranibennur","2"
"Belagavi Division","Haveri","Rattihalli","7"
"Belagavi Division","Haveri","RATTIHALLI","6"
"Belagavi Division","Haveri","Savanur","6"
"Belagavi Division","Haveri","SAVANUR","2"
"Belagavi Division","Haveri","Shigao","1"
"Belagavi Division","Haveri","Shiggaon","7"
"Belagavi Division","Haveri","SHIGGAON","3"
"Belagavi Division","Haveri","Shiggavi","1"
"Belagavi Division","Haveri","Shiggavo","1"
"Belagavi Division","Haveri","Shiggoan","1"
"Belagavi Division","Haveri","Shiggon","2"
"Belagavi Division","Haveri","Shiggovn","1"
"Belagavi Division","Haveri","Siggon","1"
"Belagavi Division","Haveri","ಬ್ಯಾಡಗಿ","7"
"Belagavi Division","Haveri","ರಟ್ಟಿಹಳ್ಳಿ","2"
"Belagavi Division","Haveri","ರಟ್ಟೀಹಳ್ಳಿ","5"
"Belagavi Division","Haveri","ರಾಣಿಬೆನ್ನೂರು","1"
"Belagavi Division","Haveri","ರಾಣೆಬೆನ್ನೂರು","7"
"Belagavi Division","Haveri","ರಾಣೇಬೆನ್ನೂರ","1"
"Belagavi Division","Haveri","ರಾಣೇಬೆನ್ನೂರು","3"
"Belagavi Division","Haveri","ರಾಣೇಬೆನ್ನೂರ್","1"
"Belagavi Division","Haveri","ಶಿಗ್ಗಾಂವ","3"
"Belagavi Division","Haveri","ಸವಣೂರ","4"
"Belagavi Division","Haveri","ಹಾನಗಲ","2"
"Belagavi Division","Haveri","ಹಾನಗಲ್","6"
"Belagavi Division","Haveri","ಹಾನಗಲ್ಲ","4"
"Belagavi Division","Haveri","ಹಾವೇರಿ","4"
"Belagavi Division","Haveri","ಹಿರೇಕೆರೂರ","2"
"Belagavi Division","Haveri","ಹಿರೇಕೆರೂರು","1"
"Belagavi Division","Uttara Kannada","Ankola","2"
"Belagavi Division","Uttara Kannada","ANKOLA","1"
"Belagavi Division","Uttara Kannada","Batkal","1"
"Belagavi Division","Uttara Kannada","Bhatkal","8"
"Belagavi Division","Uttara Kannada","HALIYAL","1"
"Belagavi Division","Uttara Kannada","Honnavar","4"
"Belagavi Division","Uttara Kannada","Honnavara","5"
"Belagavi Division","Uttara Kannada","Joida","1"
"Belagavi Division","Uttara Kannada","Karwar","1"
"Belagavi Division","Uttara Kannada","KARWAR","2"
"Belagavi Division","Uttara Kannada","Kumata","2"
"Belagavi Division","Uttara Kannada","Kumta","6"
"Belagavi Division","Uttara Kannada","Mundagoda","1"
"Belagavi Division","Uttara Kannada","Mundgod","2"
"Belagavi Division","Uttara Kannada","Mundgode","1"
"Belagavi Division","Uttara Kannada","Siddapur","2"
"Belagavi Division","Uttara Kannada","Siddapura","1"
"Belagavi Division","Uttara Kannada","Sirsi","5"
"Belagavi Division","Uttara Kannada","SIRSI","1"
"Belagavi Division","Uttara Kannada","Yellapur","1"
"Belagavi Division","Uttara Kannada","ಅಂಕೋಲಾ","6"
"Belagavi Division","Uttara Kannada","ಕಾರವಾರ","2"
"Belagavi Division","Uttara Kannada","ಕುಮಟಾ","4"
"Belagavi Division","Uttara Kannada","ಭಟ್ಕಳ","5"
"Belagavi Division","Uttara Kannada","ಮುಂಡಗೋಡ","2"
"Belagavi Division","Uttara Kannada","ಶಿರಸಿ","3"
"Belagavi Division","Uttara Kannada","ಸಿದ್ದಾಪುರ","3"
"Belagavi Division","Uttara Kannada","ಹಳಿಯಾಳ","6"
"Belagavi Division","Uttara Kannada","ಹೊನ್ನಾವರ","4"
"Belagavi Division","Vijayapura","ALMEL","1"
"Belagavi Division","Vijayapura","B basavanbagewadi","1"
"Belagavi Division","Vijayapura","Babaleshwar","9"
"Belagavi Division","Vijayapura","Babaleshwara","1"
"Belagavi Division","Vijayapura","Babaleswar","1"
"Belagavi Division","Vijayapura","Basavan bagewadi","4"
"Belagavi Division","Vijayapura","Basavan Bagewadi","2"
"Belagavi Division","Vijayapura","BASAVAN BAGEWADI","2"
"Belagavi Division","Vijayapura","Basavana bagevadi","2"
"Belagavi Division","Vijayapura","Basavana bagewadi","1"
"Belagavi Division","Vijayapura","Basavana Bagewadi","2"
"Belagavi Division","Vijayapura","BASAVANA BAGEWADI","1"
"Belagavi Division","Vijayapura","Chadachan","2"
"Belagavi Division","Vijayapura","CHADACHAN","1"
"Belagavi Division","Vijayapura","Chadachana","1"
"Belagavi Division","Vijayapura","CHADACHANA","1"
"Belagavi Division","Vijayapura","Chadchan","1"
"Belagavi Division","Vijayapura","Devar Hipparagi","1"
"Belagavi Division","Vijayapura","Devarahipparagi","3"
"Belagavi Division","Vijayapura","DEVARAHIPPARAGI","1"
"Belagavi Division","Vijayapura","Devarhipparagi","1"
"Belagavi Division","Vijayapura","indi","1"
"Belagavi Division","Vijayapura","Indi","23"
"Belagavi Division","Vijayapura","INDI","3"
"Belagavi Division","Vijayapura","indi atpost. Gornal","1"
"Belagavi Division","Vijayapura","Kolhar","5"
"Belagavi Division","Vijayapura","Muddebihal","10"
"Belagavi Division","Vijayapura","MUDEEBIHAL","1"
"Belagavi Division","Vijayapura","Nidagundi","4"
"Belagavi Division","Vijayapura","Sindagi","4"
"Belagavi Division","Vijayapura","SINDAGI","1"
"Belagavi Division","Vijayapura","Talikote","1"
"Belagavi Division","Vijayapura","talikoti","1"
"Belagavi Division","Vijayapura","Talikoti","3"
"Belagavi Division","Vijayapura","Tikota","8"
"Belagavi Division","Vijayapura","TIKOTA","4"
"Belagavi Division","Vijayapura","tq.ದೇವರಹಿಪ್ಪರಗಿ","1"
"Belagavi Division","Vijayapura","Vijayapur","3"
"Belagavi Division","Vijayapura","Vijayapura","5"
"Belagavi Division","Vijayapura","VIJAYAPURA","1"
"Belagavi Division","Vijayapura","Vijyapaur","1"
"Belagavi Division","Vijayapura","ಆಲಮೇಲ","1"
"Belagavi Division","Vijayapura","ಇಂಡಿ","3"
"Belagavi Division","Vijayapura","ಚಡಚಣ","3"
"Belagavi Division","Vijayapura","ತಾಳಿಕೋಟಿ","1"
"Belagavi Division","Vijayapura","ತಾಳಿಕೋಟೆ","1"
"Belagavi Division","Vijayapura","ತಿಕೋಟಾ","1"
"Belagavi Division","Vijayapura","ತೀಕೋಟಾ","1"
"Belagavi Division","Vijayapura","ದೇವರಹಿಪ್ಪರಗಿ","2"
"Belagavi Division","Vijayapura","ನಿಡಗುಂದಿ","2"
"Belagavi Division","Vijayapura","ಬಬಲೇಶ್ವರ","2"
"Belagavi Division","Vijayapura","ಬಬಲೇಶ್ವರ್","1"
"Belagavi Division","Vijayapura","ಬಸವನ ಬಾಗೇವಾಡಿ","2"
"Belagavi Division","Vijayapura","ಮುದ್ದೇಬಿಹಾಳ","1"
"Belagavi Division","Vijayapura","ವಿಜಯಪೂರ","1"
"Belagavi Division","Vijayapura","ಸಿಂದಗಿ","6"
"Bengaluru Division","Bengaluru Rural","Davanahalli","1"
"Bengaluru Division","Bengaluru Rural","Devanahalli","8"
"Bengaluru Division","Bengaluru Rural","DEVANAHALLI","3"
"Bengaluru Division","Bengaluru Rural","Dobballapura","1"
"Bengaluru Division","Bengaluru Rural","Doddabalapura","1"
"Bengaluru Division","Bengaluru Rural","Doddaballapur","3"
"Bengaluru Division","Bengaluru Rural","DODDABALLAPUR","1"
"Bengaluru Division","Bengaluru Rural","doddaballapura","2"
"Bengaluru Division","Bengaluru Rural","Doddaballapura","15"
"Bengaluru Division","Bengaluru Rural","DODDABALLAPURA","1"
"Bengaluru Division","Bengaluru Rural","Doddabapur","1"
"Bengaluru Division","Bengaluru Rural","Hosakote","18"
"Bengaluru Division","Bengaluru Rural","HOSAKOTE","1"
"Bengaluru Division","Bengaluru Rural","Hoskote","24"
"Bengaluru Division","Bengaluru Rural","HOSKOTE","3"
"Bengaluru Division","Bengaluru Rural","Magadi","1"
"Bengaluru Division","Bengaluru Rural","Mandya","1"
"Bengaluru Division","Bengaluru Rural","Nelamagal","1"
"Bengaluru Division","Bengaluru Rural","Nelamangala","18"
"Bengaluru Division","Bengaluru Rural","Nelamangla","1"
"Bengaluru Division","Bengaluru Rural","ದೇವನಹಳ್ಳಿ","1"
"Bengaluru Division","Bengaluru Rural","ದೊಡ್ಡಬಳ್ಳಾಪುರ","8"
"Bengaluru Division","Bengaluru Rural","ನೆಲಮಂಗಲ","7"
"Bengaluru Division","Bengaluru Rural","ಹೊಸಕೋಟೆ","9"
"Bengaluru Division","Bengaluru Urban","Anekal","22"
"Bengaluru Division","Bengaluru Urban","ANEKAL","2"
"Bengaluru Division","Bengaluru Urban","bangalore East","1"
"Bengaluru Division","Bengaluru Urban","Bangalore east","2"
"Bengaluru Division","Bengaluru Urban","Bangalore East","3"
"Bengaluru Division","Bengaluru Urban","BANGALORE EAST","1"
"Bengaluru Division","Bengaluru Urban","Bangalore north","2"
"Bengaluru Division","Bengaluru Urban","Bangalore North","2"
"Bengaluru Division","Bengaluru Urban","Bangalore south","3"
"Bengaluru Division","Bengaluru Urban","Bangalore South","1"
"Bengaluru Division","Bengaluru Urban","Bangaluru south","1"
"Bengaluru Division","Bengaluru Urban","Banglore east","4"
"Bengaluru Division","Bengaluru Urban","Banglore south","1"
"Bengaluru Division","Bengaluru Urban","Bengalore south Taluk","1"
"Bengaluru Division","Bengaluru Urban","Bengaluru east","1"
"Bengaluru Division","Bengaluru Urban","Bengaluru East","4"
"Bengaluru Division","Bengaluru Urban","Bengaluru north","2"
"Bengaluru Division","Bengaluru Urban","Bengaluru North","2"
"Bengaluru Division","Bengaluru Urban","BENGALURU NORTH TALUK","1"
"Bengaluru Division","Bengaluru Urban","Bengaluru south","2"
"Bengaluru Division","Bengaluru Urban","Bengaluru South","1"
"Bengaluru Division","Bengaluru Urban","BENGLURU EAST","1"
"Bengaluru Division","Bengaluru Urban","Channapatna","1"
"Bengaluru Division","Bengaluru Urban","K.r.puram","1"
"Bengaluru Division","Bengaluru Urban","KR Puram","1"
"Bengaluru Division","Bengaluru Urban","Krishnarajapuram","1"
"Bengaluru Division","Bengaluru Urban","Magadi","1"
"Bengaluru Division","Bengaluru Urban","North Thaluk","1"
"Bengaluru Division","Bengaluru Urban","Yalahanka","3"
"Bengaluru Division","Bengaluru Urban","yalhanka","1"
"Bengaluru Division","Bengaluru Urban","Yehanka","1"
"Bengaluru Division","Bengaluru Urban","Yelahanka","14"
"Bengaluru Division","Bengaluru Urban","YELAHANKA","1"
"Bengaluru Division","Bengaluru Urban","Yelhanka","1"
"Bengaluru Division","Bengaluru Urban","ಅನೇಕಲ್","2"
"Bengaluru Division","Bengaluru Urban","ಆನೇಕಲ್","10"
"Bengaluru Division","Bengaluru Urban","ಆನೇಕಲ್ ತಾಲ್ಲೂಕು","3"
"Bengaluru Division","Bengaluru Urban","ಉತ್ತರ ತಾಲೂಕ","1"
"Bengaluru Division","Bengaluru Urban","ಬೆಂಗಳೂರು ಉತ್ತರ","1"
"Bengaluru Division","Bengaluru Urban","ಬೆಂಗಳೂರು ಉತ್ತರ  ತಾಲೊಕು","1"
"Bengaluru Division","Bengaluru Urban","ಬೆಂಗಳೂರು ದಕ್ಷಿಣ","3"
"Bengaluru Division","Bengaluru Urban","ಬೆಂಗಳೂರು ಪೂರ್ವ","1"
"Bengaluru Division","Bengaluru Urban","ಬೆಂಗಳೂರು ಪೂರ್ವ ತಾಲ್ಲೋಕು","1"
"Bengaluru Division","Bengaluru Urban","ಯಲಹಂಕ","3"
"Bengaluru Division","Chikkaballapur","Bagepalli","5"
"Bengaluru Division","Chikkaballapur","BAGEPALLI","3"
"Bengaluru Division","Chikkaballapur","Chelur","2"
"Bengaluru Division","Chikkaballapur","Chickballapur","1"
"Bengaluru Division","Chikkaballapur","CHICKBALLAPUR","1"
"Bengaluru Division","Chikkaballapur","Chikkaballapur","8"
"Bengaluru Division","Chikkaballapur","CHIKKABALLAPUR","3"
"Bengaluru Division","Chikkaballapur","Chikkaballapura","4"
"Bengaluru Division","Chikkaballapur","CHIKKABALLAPURa","1"
"Bengaluru Division","Chikkaballapur","CHIKKABALLAPURA","1"
"Bengaluru Division","Chikkaballapur","Chintahamani","1"
"Bengaluru Division","Chikkaballapur","Chintamani","6"
"Bengaluru Division","Chikkaballapur","CHINTAMANI","1"
"Bengaluru Division","Chikkaballapur","Chintamnai","1"
"Bengaluru Division","Chikkaballapur","chinthamani","6"
"Bengaluru Division","Chikkaballapur","Chinthamani","2"
"Bengaluru Division","Chikkaballapur","CHINTHAMANI","1"
"Bengaluru Division","Chikkaballapur","Gauribidanur","2"
"Bengaluru Division","Chikkaballapur","Gauribidanuru","1"
"Bengaluru Division","Chikkaballapur","Gowribidanur","7"
"Bengaluru Division","Chikkaballapur","GOWRIBIDANUR","4"
"Bengaluru Division","Chikkaballapur","Gowribidanur.","1"
"Bengaluru Division","Chikkaballapur","Gowribidhanur","2"
"Bengaluru Division","Chikkaballapur","GOWRIBIDNURU","1"
"Bengaluru Division","Chikkaballapur","Gudibanda","1"
"Bengaluru Division","Chikkaballapur","Machinahali","1"
"Bengaluru Division","Chikkaballapur","Manchanahalli","1"
"Bengaluru Division","Chikkaballapur","Manchenahalli","3"
"Bengaluru Division","Chikkaballapur","Shidalagata","1"
"Bengaluru Division","Chikkaballapur","Shidlaghatta","1"
"Bengaluru Division","Chikkaballapur","Siddalaghatta","1"
"Bengaluru Division","Chikkaballapur","Sidlaghatta","2"
"Bengaluru Division","Chikkaballapur","SIDLAGHATTA","2"
"Bengaluru Division","Chikkaballapur","Veerlagollahalli Village Kasaba hobli Gauribidanur Talluk 561208","1"
"Bengaluru Division","Chikkaballapur","ಗುಡಿಬಂಡೆ","1"
"Bengaluru Division","Chikkaballapur","ಗೌರಿಬಿದನೂರು","8"
"Bengaluru Division","Chikkaballapur","‌ಗೌರೀಬಿದನೂರು","1"
"Bengaluru Division","Chikkaballapur","ಚಿಂತಾಮಣಿ","1"
"Bengaluru Division","Chikkaballapur","ಬಾಗೇಪಲ್ಲಿ","2"
"Bengaluru Division","Chikkaballapur","ಮಂಚೇನಹಳ್ಳಿ","1"
"Bengaluru Division","Chikkaballapur","ಶಿಡ್ಲಘಟ್ಟ","2"
"Bengaluru Division","Chitradurga","Challakere","11"
"Bengaluru Division","Chitradurga","CHALLAKERE","2"
"Bengaluru Division","Chitradurga","Challekere","2"
"Bengaluru Division","Chitradurga","Challkere","3"
"Bengaluru Division","Chitradurga","Chitradurga","37"
"Bengaluru Division","Chitradurga","CHITRADURGA","2"
"Bengaluru Division","Chitradurga","Chitradurga,","1"
"Bengaluru Division","Chitradurga","hiriyur","1"
"Bengaluru Division","Chitradurga","Hiriyur","19"
"Bengaluru Division","Chitradurga","Hiriyur Taluk Chitradurga District","1"
"Bengaluru Division","Chitradurga","Hiriyuru","5"
"Bengaluru Division","Chitradurga","HIRIYURU","1"
"Bengaluru Division","Chitradurga","Holakere","2"
"Bengaluru Division","Chitradurga","holalkere","3"
"Bengaluru Division","Chitradurga","Holalkere","16"
"Bengaluru Division","Chitradurga","HOLALKERE","3"
"Bengaluru Division","Chitradurga","Hosadurga","7"
"Bengaluru Division","Chitradurga","HOSADURGA","4"
"Bengaluru Division","Chitradurga","Hosadurga ಹೊಸದುರ್ಗ","1"
"Bengaluru Division","Chitradurga","Hosdurga","2"
"Bengaluru Division","Chitradurga","Molakalmuru","9"
"Bengaluru Division","Chitradurga","MOLKALAMURU","1"
"Bengaluru Division","Chitradurga","Molkalmuru","1"
"Bengaluru Division","Chitradurga","ಚಳ್ಳಕೆರೆ","10"
"Bengaluru Division","Chitradurga","ಚಿತ್ರದುರ್ಗ","1"
"Bengaluru Division","Chitradurga","ಮೊಳಕಾಲ್ಮೂರು","1"
"Bengaluru Division","Chitradurga","ಹಿರಿಯುರೂ","1"
"Bengaluru Division","Chitradurga","ಹಿರಿಯೂರು","3"
"Bengaluru Division","Chitradurga","ಹೊಸದುರ್ಗ","9"
"Bengaluru Division","Chitradurga","ಹೊಳಲ್ಕೆರೆ","6"
"Bengaluru Division","Kolar","BAGARAPET","1"
"Bengaluru Division","Kolar","Bangarapet","3"
"Bengaluru Division","Kolar","Bangarapete","1"
"Bengaluru Division","Kolar","Bangarpaete","1"
"Bengaluru Division","Kolar","Bangarpet","1"
"Bengaluru Division","Kolar","Bangarpetl","1"
"Bengaluru Division","Kolar","Bangerpet","1"
"Bengaluru Division","Kolar","K g f","1"
"Bengaluru Division","Kolar","K G F","3"
"Bengaluru Division","Kolar","KGF","4"
"Bengaluru Division","Kolar","Kloar","1"
"Bengaluru Division","Kolar","Kolar","17"
"Bengaluru Division","Kolar","KOLAR","1"
"Bengaluru Division","Kolar","kolara","1"
"Bengaluru Division","Kolar","Kolara","1"
"Bengaluru Division","Kolar","KOLARA","1"
"Bengaluru Division","Kolar","Malur","21"
"Bengaluru Division","Kolar","Maluru","1"
"Bengaluru Division","Kolar","MALURU","1"
"Bengaluru Division","Kolar","mulabagal","1"
"Bengaluru Division","Kolar","MULABAGIL","7"
"Bengaluru Division","Kolar","Mulbagal","2"
"Bengaluru Division","Kolar","Srinivasapura","6"
"Bengaluru Division","Kolar","Srinivaspur","2"
"Bengaluru Division","Kolar","SRINIVASPUR","2"
"Bengaluru Division","Kolar","Srinivaspura","4"
"Bengaluru Division","Kolar","SRINIVASPURA","1"
"Bengaluru Division","Kolar","ಕೆ ಜಿ ಎಫ್","1"
"Bengaluru Division","Kolar","ಬಂಗಾರಪೇಟೆ","1"
"Bengaluru Division","Kolar","ಮಾಲೂರು","2"
"Bengaluru Division","Ramanagara","Channapatna","19"
"Bengaluru Division","Ramanagara","CHANNAPATNA","1"
"Bengaluru Division","Ramanagara","Channapattana","8"
"Bengaluru Division","Ramanagara","Chanpattana","1"
"Bengaluru Division","Ramanagara","Harohalli","15"
"Bengaluru Division","Ramanagara","HAROHALLI","1"
"Bengaluru Division","Ramanagara","Horohalli","1"
"Bengaluru Division","Ramanagara","Kanakapaura","1"
"Bengaluru Division","Ramanagara","kanakapura","1"
"Bengaluru Division","Ramanagara","Kanakapura","14"
"Bengaluru Division","Ramanagara","KANAKAPURA","3"
"Bengaluru Division","Ramanagara","Magadi","23"
"Bengaluru Division","Ramanagara","MAGADI","9"
"Bengaluru Division","Ramanagara","Magdi","1"
"Bengaluru Division","Ramanagara","Ramanagara","23"
"Bengaluru Division","Ramanagara","RAMANAGARA","4"
"Bengaluru Division","Ramanagara","Ramnara","1"
"Bengaluru Division","Ramanagara","ಕನಕಪುರ","12"
"Bengaluru Division","Ramanagara","ಕನಕಪುರ,","1"
"Bengaluru Division","Ramanagara","ಚನ್ನಪಟ್ಟಣ","2"
"Bengaluru Division","Ramanagara","ಮಾಗಡಿ","4"
"Bengaluru Division","Ramanagara","ರಾಮನಗರ","1"
"Bengaluru Division","Ramanagara","ಹಾರೋಹಳ್ಳಿ","2"
"Bengaluru Division","Tumakuru","Chekkanayakanahalli","1"
"Bengaluru Division","Tumakuru","Chikkanayakana halli","7"
"Bengaluru Division","Tumakuru","chikkanayakanahalli","1"
"Bengaluru Division","Tumakuru","Chikkanayakanahalli","12"
"Bengaluru Division","Tumakuru","Doddahalli village Y N Hosakote Hobli Pavagada Taluku","1"
"Bengaluru Division","Tumakuru","Gubbi","31"
"Bengaluru Division","Tumakuru","GUBBI","6"
"Bengaluru Division","Tumakuru","Koratagere","12"
"Bengaluru Division","Tumakuru","KORATAGERE","1"
"Bengaluru Division","Tumakuru","Kunigal","43"
"Bengaluru Division","Tumakuru","KUNIGAL","5"
"Bengaluru Division","Tumakuru","Kunigal 572130","1"
"Bengaluru Division","Tumakuru","Madhugiri","19"
"Bengaluru Division","Tumakuru","MADHUGIRI","5"
"Bengaluru Division","Tumakuru","Madugiri","2"
"Bengaluru Division","Tumakuru","None","1"
"Bengaluru Division","Tumakuru","Pavagad","1"
"Bengaluru Division","Tumakuru","Pavagada","14"
"Bengaluru Division","Tumakuru","PAVAGADA","5"
"Bengaluru Division","Tumakuru","Sira","21"
"Bengaluru Division","Tumakuru","SIRA","1"
"Bengaluru Division","Tumakuru","Tiptur","18"
"Bengaluru Division","Tumakuru","TIPTUR","4"
"Bengaluru Division","Tumakuru","TIPTURU","1"
"Bengaluru Division","Tumakuru","Tumakuru","9"
"Bengaluru Division","Tumakuru","Tumkauru","1"
"Bengaluru Division","Tumakuru","Tumkur","12"
"Bengaluru Division","Tumakuru","Tumkuru","3"
"Bengaluru Division","Tumakuru","Turuveke","1"
"Bengaluru Division","Tumakuru","Turuvekere","18"
"Bengaluru Division","Tumakuru","TURUVEKERE","2"
"Bengaluru Division","Tumakuru","Turvekere","4"
"Bengaluru Division","Tumakuru","TURVEKERE","1"
"Bengaluru Division","Tumakuru","ಕಣಿಗಲ್","1"
"Bengaluru Division","Tumakuru","ಕುಣಿಗಲ್","10"
"Bengaluru Division","Tumakuru","ಕೊರಟಗೆರೆ","11"
"Bengaluru Division","Tumakuru","ಗುಬ್ಬಿ","5"
"Bengaluru Division","Tumakuru","ಚಿಕ್ಕನಾಯಕನಹಳ್ಳಿ","3"
"Bengaluru Division","Tumakuru","ತಿಪಟೂರು","3"
"Bengaluru Division","Tumakuru","ತುಮಕೂರು","16"
"Bengaluru Division","Tumakuru","ತುರವೇಕೆರೆ","1"
"Bengaluru Division","Tumakuru","ತುರುವೇಕೆರೆ","14"
"Bengaluru Division","Tumakuru","ಪಾವಗಡ","4"
"Bengaluru Division","Tumakuru","ಮಧುಗಿರಿ","8"
"Bengaluru Division","Tumakuru","ಶಿರಾ","1"
"Bengaluru Division","Tumakuru","ಸಿರಾ","3"
"Kalaburagi Division","Ballari","Ballari","13"
"Kalaburagi Division","Ballari","BALLARI","1"
"Kalaburagi Division","Ballari","Ballary","1"
"Kalaburagi Division","Ballari","BALLARY","1"
"Kalaburagi Division","Ballari","Bellari","1"
"Kalaburagi Division","Ballari","Bellary","2"
"Kalaburagi Division","Ballari","Hadagali","1"
"Kalaburagi Division","Ballari","Hagaribommanahalli","1"
"Kalaburagi Division","Ballari","Hagaribommanahalli (Tq) Vijayanagara(Dist)","1"
"Kalaburagi Division","Ballari","Hagaribommanahalli tq vijaynagar dis","1"
"Kalaburagi Division","Ballari","Harapanahalli","2"
"Kalaburagi Division","Ballari","Hosapete","1"
"Kalaburagi Division","Ballari","Hospet","2"
"Kalaburagi Division","Ballari","Kampli","3"
"Kalaburagi Division","Ballari","KAMPLI","1"
"Kalaburagi Division","Ballari","Kurugodu","5"
"Kalaburagi Division","Ballari","KURUGODU","2"
"Kalaburagi Division","Ballari","kurugodu tq","1"
"Kalaburagi Division","Ballari","KURUGODU TQ BALLARI DIST","1"
"Kalaburagi Division","Ballari","sandur","1"
"Kalaburagi Division","Ballari","Sandur","3"
"Kalaburagi Division","Ballari","Sanduru","6"
"Kalaburagi Division","Ballari","SANDURU","1"
"Kalaburagi Division","Ballari","Savadatti","1"
"Kalaburagi Division","Ballari","Siruguppa","10"
"Kalaburagi Division","Ballari","SIRUGUPPA","2"
"Kalaburagi Division","Ballari","ಕಂಪ್ಲಿ","1"
"Kalaburagi Division","Ballari","ಕುರುಗೋಡು","2"
"Kalaburagi Division","Ballari","ಕೂಡ್ಲಿಗಿ","1"
"Kalaburagi Division","Ballari","ಬಳ್ಳಾರಿ","1"
"Kalaburagi Division","Ballari","ಸಂಡೂರು","3"
"Kalaburagi Division","Ballari","ಸಿರುಗುಪ್ಪ","3"
"Kalaburagi Division","Ballari","ಹಗರಿಬೊಮ್ಮನಹಳ್ಳಿ","2"
"Kalaburagi Division","Ballari","ಹರಪನಹಳ್ಳಿ(ವಿಜಯನಗರ ಜಿಲ್ಲೆ)","1"
"Kalaburagi Division","Bidar","Aurad","4"
"Kalaburagi Division","Bidar","Aurad (B)","1"
"Kalaburagi Division","Bidar","Aurad b","1"
"Kalaburagi Division","Bidar","AURAD B","1"
"Kalaburagi Division","Bidar","Basava Kalyan","1"
"Kalaburagi Division","Bidar","Basavakalyan","6"
"Kalaburagi Division","Bidar","BASAVAKALYAN","3"
"Kalaburagi Division","Bidar","Basavkalyan","1"
"Kalaburagi Division","Bidar","Bhalki","13"
"Kalaburagi Division","Bidar","BHALKI","5"
"Kalaburagi Division","Bidar","bidar","1"
"Kalaburagi Division","Bidar","Bidar","16"
"Kalaburagi Division","Bidar","BIDAR","3"
"Kalaburagi Division","Bidar","Chitaguppa","4"
"Kalaburagi Division","Bidar","Chitguppa","3"
"Kalaburagi Division","Bidar","CHITGUPPA","1"
"Kalaburagi Division","Bidar","Chitguppa,","1"
"Kalaburagi Division","Bidar","Chittaguppa","1"
"Kalaburagi Division","Bidar","CHITTGUPPA","1"
"Kalaburagi Division","Bidar","Hulsoor","5"
"Kalaburagi Division","Bidar","HULSOOR","1"
"Kalaburagi Division","Bidar","Hulsur","1"
"Kalaburagi Division","Bidar","Humanabad","2"
"Kalaburagi Division","Bidar","Humanabada","1"
"Kalaburagi Division","Bidar","humnabad","1"
"Kalaburagi Division","Bidar","Humnabad","5"
"Kalaburagi Division","Bidar","HUMNABAD","2"
"Kalaburagi Division","Bidar","Humnabd","1"
"Kalaburagi Division","Bidar","Kamalanagar","1"
"Kalaburagi Division","Bidar","Kamalnagar","4"
"Kalaburagi Division","Bidar","KAMALNAGAR","2"
"Kalaburagi Division","Bidar","ಚಿಟಗುಪ್ಪ","1"
"Kalaburagi Division","Bidar","ಚಿಟ್ಟಗುಪ್ಪ","1"
"Kalaburagi Division","Bidar","ಬಸವಕಲ್ಯಾಣ","2"
"Kalaburagi Division","Bidar","ಬೀದರ್","1"
"Kalaburagi Division","Bidar","ಭಾಲ್ಕಿ","1"
"Kalaburagi Division","Bidar","ಹುಮನಾಬಾದ","2"
"Kalaburagi Division","Bidar","ಹುಮನಾಬಾದ್","1"
"Kalaburagi Division","Dakshina Kannada","Bantavala","1"
"Kalaburagi Division","Dakshina Kannada","Bantwal","7"
"Kalaburagi Division","Dakshina Kannada","Bantwala","12"
"Kalaburagi Division","Dakshina Kannada","BANTWALA","1"
"Kalaburagi Division","Dakshina Kannada","Belthanagdi","2"
"Kalaburagi Division","Dakshina Kannada","Belthangadi","2"
"Kalaburagi Division","Dakshina Kannada","Belthangady","11"
"Kalaburagi Division","Dakshina Kannada","BELTHANGADY","1"
"Kalaburagi Division","Dakshina Kannada","Buntwal","1"
"Kalaburagi Division","Dakshina Kannada","davanagere","1"
"Kalaburagi Division","Dakshina Kannada","Kadaba","11"
"Kalaburagi Division","Dakshina Kannada","KADABA","1"
"Kalaburagi Division","Dakshina Kannada","mangalore","1"
"Kalaburagi Division","Dakshina Kannada","Mangalore","5"
"Kalaburagi Division","Dakshina Kannada","Mangaluru","1"
"Kalaburagi Division","Dakshina Kannada","Manglore","1"
"Kalaburagi Division","Dakshina Kannada","Mangolre","1"
"Kalaburagi Division","Dakshina Kannada","Moodabidre","2"
"Kalaburagi Division","Dakshina Kannada","Moodabidri","1"
"Kalaburagi Division","Dakshina Kannada","Moodbidri","1"
"Kalaburagi Division","Dakshina Kannada","MOODBIDRI","1"
"Kalaburagi Division","Dakshina Kannada","Moodubidire","1"
"Kalaburagi Division","Dakshina Kannada","Mudabidri","1"
"Kalaburagi Division","Dakshina Kannada","Mudbidre","1"
"Kalaburagi Division","Dakshina Kannada","Mulki","2"
"Kalaburagi Division","Dakshina Kannada","Mulky","1"
"Kalaburagi Division","Dakshina Kannada","puttur","1"
"Kalaburagi Division","Dakshina Kannada","Puttur","10"
"Kalaburagi Division","Dakshina Kannada","Sullia","5"
"Kalaburagi Division","Dakshina Kannada","Ulalla","1"
"Kalaburagi Division","Dakshina Kannada","Ullal","1"
"Kalaburagi Division","Dakshina Kannada","ullala","1"
"Kalaburagi Division","Dakshina Kannada","Ullala","12"
"Kalaburagi Division","Dakshina Kannada","ಉಳ್ಳಾಲ","1"
"Kalaburagi Division","Dakshina Kannada","ಕಡಬ","1"
"Kalaburagi Division","Dakshina Kannada","ಪುತ್ತೂರು","1"
"Kalaburagi Division","Dakshina Kannada","ಬಂಟ್ವಾಳ","3"
"Kalaburagi Division","Dakshina Kannada","ಬಂಟ್ವಾಳ (Bantwal)","1"
"Kalaburagi Division","Dakshina Kannada","ಬಂಟ್ವಾಳ, ದಕ್ಷಿಣ ಕನ್ನಡ","1"
"Kalaburagi Division","Dakshina Kannada","ಬೆಳ್ತಂಗಡಿ","2"
"Kalaburagi Division","Dakshina Kannada","ಮಂಗಳೂರು","4"
"Kalaburagi Division","Dakshina Kannada","ಮುಲ್ಕಿ","1"
"Kalaburagi Division","Dakshina Kannada","ಮೂಡಬಿದ್ರಿ","1"
"Kalaburagi Division","Dakshina Kannada","ಮೂಡುಬಿದ್ರಿ","1"
"Kalaburagi Division","Dakshina Kannada","ಮೂಲ್ಕಿ","1"
"Kalaburagi Division","Davanagere","Chanangiri","1"
"Kalaburagi Division","Davanagere","Channageri","1"
"Kalaburagi Division","Davanagere","channagiri","3"
"Kalaburagi Division","Davanagere","Channagiri","36"
"Kalaburagi Division","Davanagere","CHANNAGIRI","6"
"Kalaburagi Division","Davanagere","Chennagiri","3"
"Kalaburagi Division","Davanagere","CHENNAGIRI","1"
"Kalaburagi Division","Davanagere","Dacnagere","1"
"Kalaburagi Division","Davanagere","Davanager","1"
"Kalaburagi Division","Davanagere","davanagere","3"
"Kalaburagi Division","Davanagere","Davanagere","25"
"Kalaburagi Division","Davanagere","DAVANAGERE","5"
"Kalaburagi Division","Davanagere","Davangere","11"
"Kalaburagi Division","Davanagere","DAVANGERE","2"
"Kalaburagi Division","Davanagere","HARIHAR","1"
"Kalaburagi Division","Davanagere","Harihara","11"
"Kalaburagi Division","Davanagere","HARIHARA","5"
"Kalaburagi Division","Davanagere","HARIHRA","1"
"Kalaburagi Division","Davanagere","hariyara","1"
"Kalaburagi Division","Davanagere","Honalli","1"
"Kalaburagi Division","Davanagere","honnali","1"
"Kalaburagi Division","Davanagere","Honnali","18"
"Kalaburagi Division","Davanagere","HONNALI","1"
"Kalaburagi Division","Davanagere","Jagalor","1"
"Kalaburagi Division","Davanagere","Jagalur","9"
"Kalaburagi Division","Davanagere","JAGALUR","6"
"Kalaburagi Division","Davanagere","Jagaluru","9"
"Kalaburagi Division","Davanagere","JAGALURU","5"
"Kalaburagi Division","Davanagere","Jagluru","2"
"Kalaburagi Division","Davanagere","Nyamathi","5"
"Kalaburagi Division","Davanagere","NYAMATHI","3"
"Kalaburagi Division","Davanagere","Nyamati","1"
"Kalaburagi Division","Davanagere","NYAMTHI","1"
"Kalaburagi Division","Davanagere","Nymati","2"
"Kalaburagi Division","Davanagere","ಚನ್ನಗಿರಿ","8"
"Kalaburagi Division","Davanagere","ಚೆನ್ನಗಿರಿ","1"
"Kalaburagi Division","Davanagere","ಜಗಳೂರು","10"
"Kalaburagi Division","Davanagere","ದಾವಣಗೆರೆ","4"
"Kalaburagi Division","Davanagere","ನ್ಯಾಮತಿ","8"
"Kalaburagi Division","Davanagere","ಹರಪನಹಳ್ಳಿ","1"
"Kalaburagi Division","Davanagere","ಹರಿಹರ","5"
"Kalaburagi Division","Davanagere","ಹೊನ್ನಾಳಿ","5"
"Kalaburagi Division","Kalaburagi","Afazalpur","2"
"Kalaburagi Division","Kalaburagi","Afzalpur","9"
"Kalaburagi Division","Kalaburagi","AFZALPUR","3"
"Kalaburagi Division","Kalaburagi","Afzlapur","4"
"Kalaburagi Division","Kalaburagi","aland","1"
"Kalaburagi Division","Kalaburagi","Aland","11"
"Kalaburagi Division","Kalaburagi","Alanda","1"
"Kalaburagi Division","Kalaburagi","chincholi","1"
"Kalaburagi Division","Kalaburagi","Chincholi","8"
"Kalaburagi Division","Kalaburagi","CHINCHOLI","1"
"Kalaburagi Division","Kalaburagi","Chincholli","1"
"Kalaburagi Division","Kalaburagi","Chittapur","2"
"Kalaburagi Division","Kalaburagi","CHITTAPUR","1"
"Kalaburagi Division","Kalaburagi","Chittapura","2"
"Kalaburagi Division","Kalaburagi","Gulbarga","1"
"Kalaburagi Division","Kalaburagi","Jevargi","1"
"Kalaburagi Division","Kalaburagi","JEVARGI","1"
"Kalaburagi Division","Kalaburagi","Jewargi","3"
"Kalaburagi Division","Kalaburagi","Jewrgi","1"
"Kalaburagi Division","Kalaburagi","kalaburagi","1"
"Kalaburagi Division","Kalaburagi","Kalaburagi","3"
"Kalaburagi Division","Kalaburagi","Kalaburgi","4"
"Kalaburagi Division","Kalaburagi","Kalagi","4"
"Kalaburagi Division","Kalaburagi","Kalgi","1"
"Kalaburagi Division","Kalaburagi","Kamalapur","2"
"Kalaburagi Division","Kalaburagi","KAMALAPUR","1"
"Kalaburagi Division","Kalaburagi","Sedam","7"
"Kalaburagi Division","Kalaburagi","SEDAM","2"
"Kalaburagi Division","Kalaburagi","Shahabad","3"
"Kalaburagi Division","Kalaburagi","SHAHABAD","1"
"Kalaburagi Division","Kalaburagi","Yadrami","3"
"Kalaburagi Division","Kalaburagi","Yedrami","2"
"Kalaburagi Division","Kalaburagi","ಅಫಜಲಪೂರ","1"
"Kalaburagi Division","Kalaburagi","ಆಳಂದ","7"
"Kalaburagi Division","Kalaburagi","ಕಮಲಾಪುರ","1"
"Kalaburagi Division","Kalaburagi","ಕಾಳಗಿ","3"
"Kalaburagi Division","Kalaburagi","ಗುಲ್ಬರ್ಗ","1"
"Kalaburagi Division","Kalaburagi","ಚಿಂಚೋಳಿ","4"
"Kalaburagi Division","Kalaburagi","ಚಿತ್ತಾಪುರ","1"
"Kalaburagi Division","Kalaburagi","ಜೇವರ್ಗಿ","3"
"Kalaburagi Division","Kalaburagi","ಯಡ್ರಾಮಿ","1"
"Kalaburagi Division","Kalaburagi","ಸೇಡಂ","2"
"Kalaburagi Division","Kalaburagi","ಸೇಡಂ  (ನಿಯೋಜನೆ)","1"
"Kalaburagi Division","Koppal","Gangavathi","8"
"Kalaburagi Division","Koppal","GANGAVATHI","1"
"Kalaburagi Division","Koppal","Gangavati","1"
"Kalaburagi Division","Koppal","Kanakagiri","6"
"Kalaburagi Division","Koppal","KANAKAGIRI","1"
"Kalaburagi Division","Koppal","Karatagi","12"
"Kalaburagi Division","Koppal","Koppal","20"
"Kalaburagi Division","Koppal","KOPPAL","2"
"Kalaburagi Division","Koppal","Koppala","1"
"Kalaburagi Division","Koppal","Kukanoor","2"
"Kalaburagi Division","Koppal","Kuknoor","2"
"Kalaburagi Division","Koppal","Kushatgi","1"
"Kalaburagi Division","Koppal","Kushtagi","7"
"Kalaburagi Division","Koppal","KUSHTAGI","1"
"Kalaburagi Division","Koppal","Kustagi","8"
"Kalaburagi Division","Koppal","Kustgi","1"
"Kalaburagi Division","Koppal","Yalaburga","2"
"Kalaburagi Division","Koppal","Yalburga","2"
"Kalaburagi Division","Koppal","Yelburga","3"
"Kalaburagi Division","Koppal","ಕನಕಗಿರಿ","2"
"Kalaburagi Division","Koppal","ಕಾರಟಗಿ","1"
"Kalaburagi Division","Koppal","ಕುಕನೂರ","2"
"Kalaburagi Division","Koppal","ಕುಷ್ಟಗಿ","3"
"Kalaburagi Division","Koppal","ಕೊಪ್ಪಳ","3"
"Kalaburagi Division","Koppal","ಗಂಗಾವತಿ","3"
"Kalaburagi Division","Koppal","ಯಲಬುರ್ಗಾ","3"
"Kalaburagi Division","Raichur","Araker","2"
"Kalaburagi Division","Raichur","Arakera","3"
"Kalaburagi Division","Raichur","Arikera","1"
"Kalaburagi Division","Raichur","Arkera","1"
"Kalaburagi Division","Raichur","ARKERA","1"
"Kalaburagi Division","Raichur","Devadurga","14"
"Kalaburagi Division","Raichur","Devdurga","1"
"Kalaburagi Division","Raichur","Lingasgur","3"
"Kalaburagi Division","Raichur","lingasugur","2"
"Kalaburagi Division","Raichur","Lingasugur","13"
"Kalaburagi Division","Raichur","LINGASUGUR","1"
"Kalaburagi Division","Raichur","Lingasuguru","2"
"Kalaburagi Division","Raichur","Lingasur deputation in present work","1"
"Kalaburagi Division","Raichur","Lingsugur","1"
"Kalaburagi Division","Raichur","Manvi","9"
"Kalaburagi Division","Raichur","MANVI","1"
"Kalaburagi Division","Raichur","maski","1"
"Kalaburagi Division","Raichur","Maski","18"
"Kalaburagi Division","Raichur","MASKI","1"
"Kalaburagi Division","Raichur","raichur","1"
"Kalaburagi Division","Raichur","Raichur","26"
"Kalaburagi Division","Raichur","RAICHUR","6"
"Kalaburagi Division","Raichur","Raichura","1"
"Kalaburagi Division","Raichur","sindhanur","1"
"Kalaburagi Division","Raichur","Sindhanur","12"
"Kalaburagi Division","Raichur","SINDHANUR","10"
"Kalaburagi Division","Raichur","Sindhanura","1"
"Kalaburagi Division","Raichur","Sindhanuru","3"
"Kalaburagi Division","Raichur","SINDHANURU","2"
"Kalaburagi Division","Raichur","SIRAVAT","1"
"Kalaburagi Division","Raichur","Sirawar","1"
"Kalaburagi Division","Raichur","Sirvar","1"
"Kalaburagi Division","Raichur","SIRVAR","1"
"Kalaburagi Division","Raichur","Sirvara","1"
"Kalaburagi Division","Raichur","Sirwar","6"
"Kalaburagi Division","Raichur","SIRWAR","4"
"Kalaburagi Division","Raichur","ಅರಕೇರಾ","1"
"Kalaburagi Division","Raichur","ದೇವದುರ್ಗ","1"
"Kalaburagi Division","Raichur","ಮಾನ್ವಿ","3"
"Kalaburagi Division","Raichur","ರಾಯಚೂರು","5"
"Kalaburagi Division","Raichur","ಲಿಂಗಸಗೂರ","1"
"Kalaburagi Division","Raichur","ಲಿಂಗಸಗೂರು","1"
"Kalaburagi Division","Raichur","ಲಿಂಗಸುಗೂರ","1"
"Kalaburagi Division","Raichur","ಲಿಂಗಸುಗೂರು","1"
"Kalaburagi Division","Raichur","ಲಿಂಗಸೂಗೂರ","1"
"Kalaburagi Division","Raichur","ಸಿಂಧನೂರು","6"
"Kalaburagi Division","Raichur","ಸಿಂಧನೂರ್","1"
"Kalaburagi Division","Raichur","ಸಿರವಾರ","4"
"Kalaburagi Division","Raichur","ಸಿರಿವಾರ","1"
"Kalaburagi Division","Shivamogga","Bhadravathi","8"
"Kalaburagi Division","Shivamogga","BHADRAVATHI","2"
"Kalaburagi Division","Shivamogga","Bhadravati","2"
"Kalaburagi Division","Shivamogga","Bhadravthi","1"
"Kalaburagi Division","Shivamogga","Hosanagara","4"
"Kalaburagi Division","Shivamogga","Sagara","6"
"Kalaburagi Division","Shivamogga","SAGARA","1"
"Kalaburagi Division","Shivamogga","Shikaripura","10"
"Kalaburagi Division","Shivamogga","SHIKARIPURA","2"
"Kalaburagi Division","Shivamogga","Shikaripura soraba Hosanagara","1"
"Kalaburagi Division","Shivamogga","Shikarpura","1"
"Kalaburagi Division","Shivamogga","Shikarpura,","1"
"Kalaburagi Division","Shivamogga","shivamogga","1"
"Kalaburagi Division","Shivamogga","Shivamogga","9"
"Kalaburagi Division","Shivamogga","SHIVAMOGGA","1"
"Kalaburagi Division","Shivamogga","Soraba","13"
"Kalaburagi Division","Shivamogga","SORABA","1"
"Kalaburagi Division","Shivamogga","Thirthalli","1"
"Kalaburagi Division","Shivamogga","ತೀರ್ಥಹಳ್ಳಿ","3"
"Kalaburagi Division","Shivamogga","ಭದ್ರಾವತಿ","3"
"Kalaburagi Division","Shivamogga","ಶಿಕಾರಿಪುರ","2"
"Kalaburagi Division","Shivamogga","ಶಿವಮೊಗ್ಗ","2"
"Kalaburagi Division","Shivamogga","ಶಿವಮೊಗ್ಗ ತಾಲ್ಲೂಕು","1"
"Kalaburagi Division","Shivamogga","ಸಾಗರ","2"
"Kalaburagi Division","Shivamogga","ಸೊರಬ","4"
"Kalaburagi Division","Shivamogga","ಹೊಸನಗರ","3"
"Kalaburagi Division","Udupi","Baindur","2"
"Kalaburagi Division","Udupi","Bhramavara","1"
"Kalaburagi Division","Udupi","Bhrmavar","1"
"Kalaburagi Division","Udupi","Brahamavra","1"
"Kalaburagi Division","Udupi","Brahmaavara","1"
"Kalaburagi Division","Udupi","Brahmavar","1"
"Kalaburagi Division","Udupi","Brahmavara","3"
"Kalaburagi Division","Udupi","BRAHMAVARA","2"
"Kalaburagi Division","Udupi","Brahmvara","1"
"Kalaburagi Division","Udupi","BRAMAVARA","1"
"Kalaburagi Division","Udupi","Brhamavara","1"
"Kalaburagi Division","Udupi","Byndoor","10"
"Kalaburagi Division","Udupi","Bynduru","2"
"Kalaburagi Division","Udupi","Hebri","3"
"Kalaburagi Division","Udupi","Kapu","4"
"Kalaburagi Division","Udupi","Karkal","2"
"Kalaburagi Division","Udupi","Karkala","14"
"Kalaburagi Division","Udupi","KARKALA","1"
"Kalaburagi Division","Udupi","Karkala taluk","1"
"Kalaburagi Division","Udupi","Kaup","3"
"Kalaburagi Division","Udupi","KAUP","1"
"Kalaburagi Division","Udupi","Kundapur","1"
"Kalaburagi Division","Udupi","KUNDAPUR","1"
"Kalaburagi Division","Udupi","kundapura","1"
"Kalaburagi Division","Udupi","Kundapura","12"
"Kalaburagi Division","Udupi","KUNDAPURA","6"
"Kalaburagi Division","Udupi","Udupi","10"
"Kalaburagi Division","Udupi","UDUPI","1"
"Kalaburagi Division","Udupi","ಉಡುಪಿ","2"
"Kalaburagi Division","Udupi","ಕಾಪು","1"
"Kalaburagi Division","Udupi","ಕಾರ್ಕಳ","2"
"Kalaburagi Division","Udupi","ಕುಂದಾಪುರ","3"
"Kalaburagi Division","Udupi","ಬೈಂದೂರು","2"
"Kalaburagi Division","Udupi","ಬ್ರಹ್ಮಾವರ","3"
"Kalaburagi Division","Udupi","ಹೆಬ್ರಿ","1"
"Kalaburagi Division","Vijayanagara","Babaleshwar","1"
"Kalaburagi Division","Vijayanagara","Hadagali","3"
"Kalaburagi Division","Vijayanagara","Hagaribhommanahalli","1"
"Kalaburagi Division","Vijayanagara","HAGARIBOMANAHALLI","1"
"Kalaburagi Division","Vijayanagara","hagaribommanahalli","1"
"Kalaburagi Division","Vijayanagara","Hagaribommanahalli","2"
"Kalaburagi Division","Vijayanagara","HAGARIBOMMANAHALLI","1"
"Kalaburagi Division","Vijayanagara","Hagaribommannahalli","2"
"Kalaburagi Division","Vijayanagara","Hahari Bommanhalli (Taiuk).","2"
"Kalaburagi Division","Vijayanagara","Hahari Bommanhalli (Taluk)","1"
"Kalaburagi Division","Vijayanagara","Harapanahalli","12"
"Kalaburagi Division","Vijayanagara","HarapanaHalli","1"
"Kalaburagi Division","Vijayanagara","HARAPANAHALLI","6"
"Kalaburagi Division","Vijayanagara","HOOVINA HADAGALI","2"
"Kalaburagi Division","Vijayanagara","Hosapet","1"
"Kalaburagi Division","Vijayanagara","Hosapete","1"
"Kalaburagi Division","Vijayanagara","Hospet","5"
"Kalaburagi Division","Vijayanagara","HOSPET","3"
"Kalaburagi Division","Vijayanagara","Hospete","2"
"Kalaburagi Division","Vijayanagara","Huvina Hadagali","1"
"Kalaburagi Division","Vijayanagara","kottur","2"
"Kalaburagi Division","Vijayanagara","Kottur","2"
"Kalaburagi Division","Vijayanagara","KOTTUR","1"
"Kalaburagi Division","Vijayanagara","kotturu","1"
"Kalaburagi Division","Vijayanagara","Kotturu","4"
"Kalaburagi Division","Vijayanagara","Kudilligi","1"
"Kalaburagi Division","Vijayanagara","Kudlige","1"
"Kalaburagi Division","Vijayanagara","Kudligi","8"
"Kalaburagi Division","Vijayanagara","KUDLIGI","2"
"Kalaburagi Division","Vijayanagara","Muddebihal","1"
"Kalaburagi Division","Vijayanagara","Nidagundi","1"
"Kalaburagi Division","Vijayanagara","tikota","1"
"Kalaburagi Division","Vijayanagara","Vijayapura","1"
"Kalaburagi Division","Vijayanagara","ಕೂಡ್ಲಿಗಿ","4"
"Kalaburagi Division","Vijayanagara","ಕೂಡ್ಲಿಗಿ.","1"
"Kalaburagi Division","Vijayanagara","ಕೊಟ್ಟೂರು","1"
"Kalaburagi Division","Vijayanagara","ಹಗರಿಬೊಮ್ಮನಹಳ್ಳಿ","1"
"Kalaburagi Division","Vijayanagara","ಹರಪನಹಳ್ಳಿ","9"
"Kalaburagi Division","Vijayanagara","ಹರಪನಹಳ್ಳಿ(ವಿಜಯನಗರ ಜಿಲ್ಲೆ)","3"
"Kalaburagi Division","Vijayanagara","ಹೂವಿನ ಹಡಗಲಿ","2"
"Kalaburagi Division","Vijayanagara","ಹೂವಿನಹಡಗಲಿ","1"
"Kalaburagi Division","Vijayanagara","ಹೊಸಪೇಟೆ","3"
"Kalaburagi Division","Yadgir","Gurmitakal","1"
"Kalaburagi Division","Yadgir","Gurmitkal","4"
"Kalaburagi Division","Yadgir","GURMITKAL","1"
"Kalaburagi Division","Yadgir","Gurumatkal","1"
"Kalaburagi Division","Yadgir","Gurumitakal","1"
"Kalaburagi Division","Yadgir","GURUMITAKAL","1"
"Kalaburagi Division","Yadgir","Gurumitkal","5"
"Kalaburagi Division","Yadgir","Hunasagi","6"
"Kalaburagi Division","Yadgir","Hunasigi","2"
"Kalaburagi Division","Yadgir","Hunsagi","1"
"Kalaburagi Division","Yadgir","Shahahpur","1"
"Kalaburagi Division","Yadgir","shahapur","1"
"Kalaburagi Division","Yadgir","Shahapur","13"
"Kalaburagi Division","Yadgir","SHAHAPUR","2"
"Kalaburagi Division","Yadgir","Shorapur","8"
"Kalaburagi Division","Yadgir","Shorapur ( ಶೊರಾಪುರ್ )","1"
"Kalaburagi Division","Yadgir","Shorapura","1"
"Kalaburagi Division","Yadgir","Surapur","2"
"Kalaburagi Division","Yadgir","Surapura","1"
"Kalaburagi Division","Yadgir","Vadager","2"
"Kalaburagi Division","Yadgir","Vadagera","3"
"Kalaburagi Division","Yadgir","VADAGERA","1"
"Kalaburagi Division","Yadgir","Wadager","1"
"Kalaburagi Division","Yadgir","Wadagera","4"
"Kalaburagi Division","Yadgir","Yadagiri","1"
"Kalaburagi Division","Yadgir","yadgir","2"
"Kalaburagi Division","Yadgir","Yadgir","13"
"Kalaburagi Division","Yadgir","ಗುರುಮಠಕಲ್","1"
"Kalaburagi Division","Yadgir","ಯಾದಗಿರಿ","7"
"Kalaburagi Division","Yadgir","ವಡಗೇರಾ","3"
"Kalaburagi Division","Yadgir","ಶಹಾಪುರ","5"
"Kalaburagi Division","Yadgir","ಶಹಾಪೂರ","3"
"Kalaburagi Division","Yadgir","ಶೋರಪುರ","1"
"Kalaburagi Division","Yadgir","ಶೋರಪೂರ್","2"
"Kalaburagi Division","Yadgir","ಶೋರಾಪುರ","1"
"Kalaburagi Division","Yadgir","ಶೋರಾಪೂರ","1"
"Kalaburagi Division","Yadgir","ಸುರಪುರ","4"
"Kalaburagi Division","Yadgir","ಹುಣಸಗಿ","4"
"Kalaburagi Division","Yadgir","ಹುಣಸಿಗಿ","1"
"Mysuru Division","Chamarajanagar","Chamarajanagar","1"
"Mysuru Division","Chamarajanagar","CHAMARAJANAGAR","2"
"Mysuru Division","Chamarajanagar","chamarajanagara","1"
"Mysuru Division","Chamarajanagar","Chamarajanagara","5"
"Mysuru Division","Chamarajanagar","CHAMARAJANAGARA","1"
"Mysuru Division","Chamarajanagar","Gundlupet","1"
"Mysuru Division","Chamarajanagar","Gundlupete","7"
"Mysuru Division","Chamarajanagar","GUNDLUPETE","1"
"Mysuru Division","Chamarajanagar","Gundulpete","1"
"Mysuru Division","Chamarajanagar","Gunlupete","1"
"Mysuru Division","Chamarajanagar","HANUR","3"
"Mysuru Division","Chamarajanagar","Hanuru","3"
"Mysuru Division","Chamarajanagar","Yalandur","1"
"Mysuru Division","Chamarajanagar","ಕೊಳ್ಳೇಗಾಲ","1"
"Mysuru Division","Chamarajanagar","ಗುಂಡ್ಲುಪೇಟೆ","6"
"Mysuru Division","Chamarajanagar","ಚಾಮರಾಜನಗರ","5"
"Mysuru Division","Chikkamagaluru","Ajjampura","1"
"Mysuru Division","Chikkamagaluru","Ajjapura","1"
"Mysuru Division","Chikkamagaluru","Chickmagaluru","1"
"Mysuru Division","Chikkamagaluru","Chikkamagalu","1"
"Mysuru Division","Chikkamagaluru","Chikkamagaluru","8"
"Mysuru Division","Chikkamagaluru","CHIKKAMAGALURU","2"
"Mysuru Division","Chikkamagaluru","Chikkmagalur","1"
"Mysuru Division","Chikkamagaluru","Chikmagalur","2"
"Mysuru Division","Chikkamagaluru","kadur","1"
"Mysuru Division","Chikkamagaluru","Kadur","22"
"Mysuru Division","Chikkamagaluru","KADUR","2"
"Mysuru Division","Chikkamagaluru","Kaduru","4"
"Mysuru Division","Chikkamagaluru","koppa","1"
"Mysuru Division","Chikkamagaluru","Koppa","2"
"Mysuru Division","Chikkamagaluru","Mudigere","2"
"Mysuru Division","Chikkamagaluru","Narasimharajapura","2"
"Mysuru Division","Chikkamagaluru","sringeri","1"
"Mysuru Division","Chikkamagaluru","Sringeri","1"
"Mysuru Division","Chikkamagaluru","Tarikere","2"
"Mysuru Division","Chikkamagaluru","Tarikere,","1"
"Mysuru Division","Chikkamagaluru","Tharikere","1"
"Mysuru Division","Chikkamagaluru","ಅಜ್ಜಂಪುರ","3"
"Mysuru Division","Chikkamagaluru","ಅಜ್ಜಂಪುರ ತಾಲ್ಲೊಕ್ ಚಿಕ್ಕಮಗಳೂರು ಜಿಲ್ಲೆ","1"
"Mysuru Division","Chikkamagaluru","ಕಡೂರು","8"
"Mysuru Division","Chikkamagaluru","ಚಿಕ್ಕಮಗಳೂರು","2"
"Mysuru Division","Chikkamagaluru","ತರೀಕೆರೆ","5"
"Mysuru Division","Chikkamagaluru","ಮೂಡಿಗೆರೆ","4"
"Mysuru Division","Hassan","Alur","9"
"Mysuru Division","Hassan","ALUR","2"
"Mysuru Division","Hassan","Aluru","2"
"Mysuru Division","Hassan","Arakalagodu","1"
"Mysuru Division","Hassan","Arakalagoodu","1"
"Mysuru Division","Hassan","arakalagud","1"
"Mysuru Division","Hassan","Arakalagud","1"
"Mysuru Division","Hassan","Arakalagudu","9"
"Mysuru Division","Hassan","ARAKALAGUDU","1"
"Mysuru Division","Hassan","Arakalgud","3"
"Mysuru Division","Hassan","Arakalgudu","2"
"Mysuru Division","Hassan","ARAKALGUDU","2"
"Mysuru Division","Hassan","Araseekere","1"
"Mysuru Division","Hassan","arasikere","1"
"Mysuru Division","Hassan","Arasikere","4"
"Mysuru Division","Hassan","ARASIKERE","1"
"Mysuru Division","Hassan","Arisekere","1"
"Mysuru Division","Hassan","Arkalagud","1"
"Mysuru Division","Hassan","Arkalagudu","1"
"Mysuru Division","Hassan","Arkalgud","7"
"Mysuru Division","Hassan","ARKALGUD","1"
"Mysuru Division","Hassan","Arkalgudu","1"
"Mysuru Division","Hassan","arsikere","1"
"Mysuru Division","Hassan","Arsikere","5"
"Mysuru Division","Hassan","ARSIKERE","3"
"Mysuru Division","Hassan","Belur","10"
"Mysuru Division","Hassan","BELUR","2"
"Mysuru Division","Hassan","Beluru","2"
"Mysuru Division","Hassan","Channaraya pattana","1"
"Mysuru Division","Hassan","Channarayapatana","1"
"Mysuru Division","Hassan","Channarayapatna","11"
"Mysuru Division","Hassan","CHANNARAYAPATNA","2"
"Mysuru Division","Hassan","Channarayapatna, Belur","1"
"Mysuru Division","Hassan","Channarayapattana","6"
"Mysuru Division","Hassan","CHANNARAYAPATTANA","1"
"Mysuru Division","Hassan","Channarayapattna","1"
"Mysuru Division","Hassan","Hassan","18"
"Mysuru Division","Hassan","HASSAN","2"
"Mysuru Division","Hassan","Holenarasipur","1"
"Mysuru Division","Hassan","Holenarasipura","14"
"Mysuru Division","Hassan","HOLENARASIPURA","1"
"Mysuru Division","Hassan","Holenarsipura","4"
"Mysuru Division","Hassan","HOLENARSIPURA","1"
"Mysuru Division","Hassan","PWD colony behind Rama mandira 1288, Hassan -573201","1"
"Mysuru Division","Hassan","Sakaleshapura","1"
"Mysuru Division","Hassan","Sakaleshpur","1"
"Mysuru Division","Hassan","Sakaleshpura","1"
"Mysuru Division","Hassan","Sakleshpura","1"
"Mysuru Division","Hassan","ಅರಕಲಗೂಡು","5"
"Mysuru Division","Hassan","ಅರಸೀಕೆರೆ","10"
"Mysuru Division","Hassan","ಆಲೂರು","2"
"Mysuru Division","Hassan","ಚನ್ನರಾಯಪಟ್ಟಣ","19"
"Mysuru Division","Hassan","ಚನ್ನರಾಯಪಟ್ಟಣ ಕೆಲಸ","1"
"Mysuru Division","Hassan","ಬೇಲೂರು","4"
"Mysuru Division","Hassan","ಸಕಲೇಶಪುರ","3"
"Mysuru Division","Hassan","ಹಾಸನ","3"
"Mysuru Division","Hassan","ಹೊಳೆನರಸೀಪುರ","9"
"Mysuru Division","Kodagu","Kushalanagar","1"
"Mysuru Division","Kodagu","Kushalnagar","2"
"Mysuru Division","Kodagu","Madikeri","7"
"Mysuru Division","Kodagu","MADIKERI","1"
"Mysuru Division","Kodagu","Ponampete","1"
"Mysuru Division","Kodagu","ponnampet","1"
"Mysuru Division","Kodagu","Ponnampet","1"
"Mysuru Division","Kodagu","Somwarpet","3"
"Mysuru Division","Kodagu","Virajpet","1"
"Mysuru Division","Kodagu","ಕುಶಾಲನಗರ","1"
"Mysuru Division","Kodagu","ಪೊನ್ನಂಪೇಟೆ","2"
"Mysuru Division","Kodagu","ಮಡಿಕೇರಿ","1"
"Mysuru Division","Kodagu","ವಿರಾಜಪೇಟೆ","1"
"Mysuru Division","Mandya","K R pet","1"
"Mysuru Division","Mandya","K R Pet","1"
"Mysuru Division","Mandya","K r pete","1"
"Mysuru Division","Mandya","K r Pete","1"
"Mysuru Division","Mandya","K R Pete","2"
"Mysuru Division","Mandya","K. R. Pet","2"
"Mysuru Division","Mandya","K.R pete","1"
"Mysuru Division","Mandya","K.r.Pete","1"
"Mysuru Division","Mandya","Kr pete","1"
"Mysuru Division","Mandya","KR Pete","1"
"Mysuru Division","Mandya","KR PETE","1"
"Mysuru Division","Mandya","Krishnarajapete","5"
"Mysuru Division","Mandya","Maddur","15"
"Mysuru Division","Mandya","MADDUR","3"
"Mysuru Division","Mandya","MADDUR TALUK","1"
"Mysuru Division","Mandya","madduru","1"
"Mysuru Division","Mandya","Madduru","7"
"Mysuru Division","Mandya","MADDURU","3"
"Mysuru Division","Mandya","Malavalli","15"
"Mysuru Division","Mandya","MALAVALLI","5"
"Mysuru Division","Mandya","Malvalli","1"
"Mysuru Division","Mandya","Mandya","30"
"Mysuru Division","Mandya","MANDYA","6"
"Mysuru Division","Mandya","mwndya","1"
"Mysuru Division","Mandya","NAGAMANGAL","1"
"Mysuru Division","Mandya","Nagamangala","13"
"Mysuru Division","Mandya","NAGAMANGALA","2"
"Mysuru Division","Mandya","Pandavapura","12"
"Mysuru Division","Mandya","PANDAVAPURA","1"
"Mysuru Division","Mandya","Pandvapura","1"
"Mysuru Division","Mandya","Sreerangapatna","1"
"Mysuru Division","Mandya","Sri Ranga pattana","1"
"Mysuru Division","Mandya","Srirangapatna","5"
"Mysuru Division","Mandya","SRIRANGAPATNA","2"
"Mysuru Division","Mandya","Srirangapattana","4"
"Mysuru Division","Mandya","Srirangapattna","1"
"Mysuru Division","Mandya","Srirangpatna","1"
"Mysuru Division","Mandya","ಕೆ ಆರ್ ಪೇಟೆ","4"
"Mysuru Division","Mandya","ಕೆಆರ್ ಪೇಟೆ ಪಾಂಡವಪುರ","1"
"Mysuru Division","Mandya","ನಾಗಮಂಗಲ","13"
"Mysuru Division","Mandya","ಪಾಂಡವಪುರ","7"
"Mysuru Division","Mandya","ಪಾಂಡುಪುರ","1"
"Mysuru Division","Mandya","ಮಂಡ್ಯ","3"
"Mysuru Division","Mandya","ಮದ್ದೂರು","13"
"Mysuru Division","Mandya","ಮದ್ದೂರ್","1"
"Mysuru Division","Mandya","ಮಳವಳ್ಳಿ","3"
"Mysuru Division","Mandya","ಶ್ರೀರಂಗಪಟ್ಟಣ","13"
"Mysuru Division","Mysuru","H D kote","1"
"Mysuru Division","Mysuru","H D Kote","1"
"Mysuru Division","Mysuru","H D KOTE","2"
"Mysuru Division","Mysuru","H.D. KOTE","1"
"Mysuru Division","Mysuru","HD Kote","1"
"Mysuru Division","Mysuru","Heggadadevanakote","1"
"Mysuru Division","Mysuru","Hunasur","3"
"Mysuru Division","Mysuru","Hunsur","7"
"Mysuru Division","Mysuru","HUNSUR","3"
"Mysuru Division","Mysuru","Hunsure","2"
"Mysuru Division","Mysuru","Hunsurtaloke","1"
"Mysuru Division","Mysuru","K r nagar","1"
"Mysuru Division","Mysuru","K R Nagar","1"
"Mysuru Division","Mysuru","K R nagara","3"
"Mysuru Division","Mysuru","K R Nagara","1"
"Mysuru Division","Mysuru","K R NAGARA","5"
"Mysuru Division","Mysuru","K.R nagara","1"
"Mysuru Division","Mysuru","K.R.Nagara","1"
"Mysuru Division","Mysuru","Krishna raja nagara","1"
"Mysuru Division","Mysuru","KRISHNARAJANAGAR","1"
"Mysuru Division","Mysuru","KRISHNARAJANAGARA","1"
"Mysuru Division","Mysuru","mysore","1"
"Mysuru Division","Mysuru","Mysore","9"
"Mysuru Division","Mysuru","Mysure","1"
"Mysuru Division","Mysuru","mysuru","1"
"Mysuru Division","Mysuru","Mysuru","12"
"Mysuru Division","Mysuru","Nanjagud","1"
"Mysuru Division","Mysuru","Nanjanagood","1"
"Mysuru Division","Mysuru","Nanjanagudu","3"
"Mysuru Division","Mysuru","Nanjangud","10"
"Mysuru Division","Mysuru","Nanjangudu","5"
"Mysuru Division","Mysuru","Nanjungud","1"
"Mysuru Division","Mysuru","Periiyapatna","1"
"Mysuru Division","Mysuru","Periyapatan","1"
"Mysuru Division","Mysuru","Periyapatana","1"
"Mysuru Division","Mysuru","Periyapatna","3"
"Mysuru Division","Mysuru","Periyapattana","1"
"Mysuru Division","Mysuru","Piriyapatana","4"
"Mysuru Division","Mysuru","Piriyapatna","2"
"Mysuru Division","Mysuru","PIRIYAPATTANA","2"
"Mysuru Division","Mysuru","Saaligrama","1"
"Mysuru Division","Mysuru","SAALIGRAMA","1"
"Mysuru Division","Mysuru","Saligarma","1"
"Mysuru Division","Mysuru","Saligram","1"
"Mysuru Division","Mysuru","Saligrama","2"
"Mysuru Division","Mysuru","SALIGRAMA","4"
"Mysuru Division","Mysuru","SARAGURU","1"
"Mysuru Division","Mysuru","SARGURU","1"
"Mysuru Division","Mysuru","T narasipura","3"
"Mysuru Division","Mysuru","T Narasipura","2"
"Mysuru Division","Mysuru","T NARASIPURA","1"
"Mysuru Division","Mysuru","T narsipur","1"
"Mysuru Division","Mysuru","T Narsipura","1"
"Mysuru Division","Mysuru","T NARSIPURA","1"
"Mysuru Division","Mysuru","T ನರಸೀಪುರ","1"
"Mysuru Division","Mysuru","T-Narasipura","1"
"Mysuru Division","Mysuru","T.narsipura","1"
"Mysuru Division","Mysuru","T.Nasasipura","1"
"Mysuru Division","Mysuru","ಕೆ ಆರ್ ನಗರ","1"
"Mysuru Division","Mysuru","ಕೆ ರ್ ನಗರ್","1"
"Mysuru Division","Mysuru","ಟಿ ನರಸೀಪುರ","5"
"Mysuru Division","Mysuru","ತಿ.ನರಸೀಪುರ","1"
"Mysuru Division","Mysuru","ನಂಜನಗೂಡು","2"
"Mysuru Division","Mysuru","ಪಿರಿಯಾಪಟ್ಟಣ","11"
"Mysuru Division","Mysuru","ಮೈಸೂರ","6"
"Mysuru Division","Mysuru","ಮೈಸೂರು","8"
"Mysuru Division","Mysuru","ಸರಗೂರು","1"
"Mysuru Division","Mysuru","ಸಾಲಿಗ್ರಾಮ","6"
"Mysuru Division","Mysuru","ಹುಣಸೂರು","10"
"Mysuru Division","Mysuru","ಹುಣಸೂರ್","1"
"Mysuru Division","Mysuru","ಹೆಗ್ಗಡದೇವನಕೋಟೆ","2"